amount_bucket,total_txns,fraud_cases,fraud_rate_%
Very High,225,14,6.222222222222222
High,5160,215,4.166666666666666
Low,4340,170,3.9170506912442393
Medium,10275,364,3.5425790754257904
