kyc_risk_flag,total_txns,fraud_cases,fraud_rate_%
1,2706,154,5.691056910569105
0,17294,609,3.521452526887938
