transaction_period,total_txns,fraud_cases,fraud_rate_%
Night,4874,265,5.437012720558063
Late Night,2441,104,4.260548955346169
Evening,3373,115,3.409427809072043
Afternoon,4332,136,3.139427516158818
Morning,4980,143,2.8714859437751006
